country,year,total_cases,population
Afghanistan,1995,1300,17586073
Afghanistan,1996,1400,18415307
Afghanistan,1997,1500,19021226
Afghanistan,1998,1600,19496836
Afghanistan,1999,1800,19987071
Afghanistan,2000,1900,20595360
Afghanistan,2001,2000,21347782
Afghanistan,2002,2200,22202806
Afghanistan,2003,2400,23116142
Afghanistan,2004,2700,24018682
Afghanistan,2005,2900,24860855
Afghanistan,2006,3200,25631282
Afghanistan,2007,3600,26349243
Afghanistan,2008,4100,27032197
Afghanistan,2009,4600,27708187
Angola,1995,71000,12104952
Angola,1996,80000,12451945
Angola,1997,89000,12791388
Angola,1998,99000,13137542
Angola,1999,110000,13510616
Angola,2000,120000,13924930
Angola,2001,130000,14385283
Angola,2002,140000,14886574
Angola,2003,150000,15421075
Angola,2004,160000,15976715
Angola,2005,170000,16544376
Angola,2006,180000,17122409
Angola,2007,190000,17712824
Angola,2008,200000,18314441
Angola,2009,210000,18926650
Argentina,1995,47000,34833168
Argentina,1996,51000,35264070
Argentina,1997,54000,35690778
Argentina,1998,58000,36109342
Argentina,1999,61000,36514558
Argentina,2000,64000,36903067
Argentina,2001,66000,37273361
Argentina,2002,68000,37627545
Argentina,2003,71000,37970411
Argentina,2004,74000,38308779
Argentina,2005,77000,38647854
Argentina,2006,80000,38988923
Argentina,2007,83000,39331357
Argentina,2008,86000,39676083
Argentina,2009,90000,40023641
Armenia,1995,1300,3223173
Armenia,1996,1600,3173425
Armenia,1997,2000,3137652
Armenia,1998,2400,3112958
Armenia,1999,2800,3093820
Armenia,2000,3200,3076098
Armenia,2001,3500,3059960
Armenia,2002,3700,3047002
Armenia,2003,3800,3036032
Armenia,2004,3800,3025652
Armenia,2005,3800,3014917
Armenia,2006,3800,3002911
Armenia,2007,3700,2989882
Armenia,2008,3600,2977488
Armenia,2009,3600,2968154
Australia,1995,11000,18124234
Australia,1996,11000,18339037
Australia,1997,11000,18563442
Australia,1998,11000,18794552
Australia,1999,12000,19027438
Australia,2000,12000,19259377
Australia,2001,13000,19487257
Australia,2002,14000,19714625
Australia,2003,14000,19953121
Australia,2004,15000,20218481
Australia,2005,16000,20520736
Australia,2006,17000,20865583
Australia,2007,18000,21246274
Australia,2008,19000,21645095
Australia,2009,20000,22037143
Austria,1995,1900,7985372
Austria,1996,2300,8009345
Austria,1997,2800,8014124
Austria,1998,3300,8009051
Austria,1999,4000,8007843
Austria,2000,4700,8020262
Austria,2001,5500,8049440
Austria,2002,6400,8091804
Austria,2003,7500,8142322
Austria,2004,8600,8193157
Austria,2005,9900,8238604
Austria,2006,11000,8277393
Austria,2007,12000,8311463
Austria,2008,14000,8342129
Austria,2009,15000,8371711
Azerbaijan,1995,600,7770806
Azerbaijan,1996,600,7852273
Azerbaijan,1997,1200,7921745
Azerbaijan,1998,1600,7984460
Azerbaijan,1999,2000,8047936
Azerbaijan,2000,2500,8117742
Azerbaijan,2001,3000,8195427
Azerbaijan,2002,3500,8279768
Azerbaijan,2003,3900,8370169
Azerbaijan,2004,4400,8465127
Azerbaijan,2005,4800,8563398
Azerbaijan,2006,5100,8665006
Azerbaijan,2007,5400,8770122
Azerbaijan,2008,5700,8877669
Azerbaijan,2009,6000,8986266
Burundi,1995,160000,6209923
Burundi,1996,160000,6294482
Burundi,1997,160000,6369573
Burundi,1998,160000,6447672
Burundi,1999,150000,6545273
Burundi,2000,140000,6674286
Burundi,2001,130000,6839376
Burundi,2002,130000,7037727
Burundi,2003,120000,7264340
Burundi,2004,110000,7510771
Burundi,2005,110000,7770392
Burundi,2006,100000,8042579
Burundi,2007,99000,8328312
Burundi,2008,94000,8624280
Burundi,2009,89000,8926687
Belgium,1995,4400,10161914
Belgium,1996,5000,10186767
Belgium,1997,5800,10205970
Belgium,1998,6600,10222896
Belgium,1999,7400,10242449
Belgium,2000,8300,10268380
Belgium,2001,9300,10300775
Belgium,2002,10000,10338969
Belgium,2003,11000,10384953
Belgium,2004,12000,10440977
Belgium,2005,13000,10508080
Belgium,2006,15000,10587731
Belgium,2007,16000,10678058
Belgium,2008,17000,10772572
Belgium,2009,18000,10862441
Benin,1995,72000,5985658
Benin,1996,72000,6176318
Benin,1997,71000,6361301
Benin,1998,70000,6546493
Benin,1999,69000,6740491
Benin,2000,67000,6949366
Benin,2001,66000,7174911
Benin,2002,64000,7414744
Benin,2003,62000,7665681
Benin,2004,61000,7922796
Benin,2005,60000,8182362
Benin,2006,60000,8443671
Benin,2007,60000,8707490
Benin,2008,60000,8973293
Benin,2009,61000,9240783
Burkina Faso,1995,180000,10089876
Burkina Faso,1996,180000,10372562
Burkina Faso,1997,170000,10664982
Burkina Faso,1998,170000,10967836
Burkina Faso,1999,160000,11281942
Burkina Faso,2000,160000,11607944
Burkina Faso,2001,150000,11946080
Burkina Faso,2002,150000,12296399
Burkina Faso,2003,140000,12659086
Burkina Faso,2004,140000,13034258
Burkina Faso,2005,130000,13421929
Burkina Faso,2006,130000,13822257
Burkina Faso,2007,130000,14235075
Burkina Faso,2008,120000,14659646
Burkina Faso,2009,120000,15094967
Bangladesh,1995,1300,119869585
Bangladesh,1996,1300,122400896
Bangladesh,1997,1400,124945315
Bangladesh,1998,1600,127478524
Bangladesh,1999,1800,129966823
Bangladesh,2000,2000,132383265
Bangladesh,2001,2200,134729503
Bangladesh,2002,2500,137006279
Bangladesh,2003,2800,139185986
Bangladesh,2004,3200,141235035
Bangladesh,2005,3700,143135180
Bangladesh,2006,4200,144868702
Bangladesh,2007,4800,146457067
Bangladesh,2008,5400,147969967
Bangladesh,2009,6100,149503100
Bulgaria,1995,600,8358116
Bulgaria,1996,600,8274592
Bulgaria,1997,600,8199715
Bulgaria,1998,1000,8131424
Bulgaria,1999,1200,8065947
Bulgaria,2000,1500,8000510
Bulgaria,2001,1700,7934973
Bulgaria,2002,2000,7870488
Bulgaria,2003,2200,7806995
Bulgaria,2004,2500,7744575
Bulgaria,2005,2800,7683264
Bulgaria,2006,3100,7622852
Bulgaria,2007,3300,7563141
Bulgaria,2008,3500,7504206
Bulgaria,2009,3700,7446197
Bahamas,1995,6600,280050
Bahamas,1996,6700,283678
Bahamas,1997,6700,286845
Bahamas,1998,6600,289926
Bahamas,1999,6600,293442
Bahamas,2000,6500,297759
Bahamas,2001,6500,303005
Bahamas,2002,6400,309039
Bahamas,2003,6300,315624
Bahamas,2004,6300,322400
Bahamas,2005,6300,329088
Bahamas,2006,6400,335622
Bahamas,2007,6400,342049
Bahamas,2008,6400,348340
Bahamas,2009,6300,354492
Belarus,1995,160,10189075
Belarus,1996,350,10156258
Belarus,1997,350,10120556
Belarus,1998,600,10080772
Belarus,1999,1600,10034775
Belarus,2000,2900,9981460
Belarus,2001,4900,9920173
Belarus,2002,7500,9852866
Belarus,2003,10000,9784111
Belarus,2004,13000,9719991
Belarus,2005,15000,9664714
Belarus,2006,16000,9620359
Belarus,2007,17000,9585368
Belarus,2008,18000,9555801
Belarus,2009,19000,9525785
Belize,1995,2000,206962
Belize,1996,2300,212375
Belize,1997,2500,218484
Belize,1998,2700,225083
Belize,1999,3000,231860
Belize,2000,3200,238586
Belize,2001,3400,245198
Belize,2002,3500,251766
Belize,2003,3700,258346
Belize,2004,3900,265040
Belize,2005,4000,271920
Belize,2006,4100,278985
Belize,2007,4200,286196
Belize,2008,4400,293544
Belize,2009,4500,301016
Bolivia,1995,24000,7635362
Bolivia,1996,24000,7806953
Bolivia,1997,25000,7978521
Bolivia,1998,25000,8150214
Bolivia,1999,26000,8322408
Bolivia,2000,26000,8495271
Bolivia,2001,26000,8669066
Bolivia,2002,25000,8843350
Bolivia,2003,25000,9016787
Bolivia,2004,24000,9187610
Bolivia,2005,22000,9354709
Bolivia,2006,21000,9517395
Bolivia,2007,20000,9676456
Bolivia,2008,19000,9834098
Bolivia,2009,18000,9993406
Brazil,1995,350000,161890816
Brazil,1996,370000,164392423
Brazil,1997,390000,166925457
Brazil,1998,410000,169472347
Brazil,1999,430000,172006362
Brazil,2000,440000,174504898
Brazil,2001,450000,176968205
Brazil,2002,460000,179393768
Brazil,2003,470000,181752951
Brazil,2004,480000,184010283
Brazil,2005,480000,186142403
Brazil,2006,480000,188134315
Brazil,2007,490000,189996976
Brazil,2008,490000,191765567
Brazil,2009,490000,193490922
Barbados,1995,600,263165
Barbados,1996,1100,263884
Barbados,1997,1100,264606
Barbados,1998,1100,265370
Barbados,1999,1200,266220
Barbados,2000,1200,267190
Barbados,2001,1200,268296
Barbados,2002,1200,269524
Barbados,2003,1200,270844
Barbados,2004,1300,272205
Barbados,2005,1300,273568
Barbados,2006,1300,274923
Barbados,2007,1300,276277
Barbados,2008,1400,277634
Barbados,2009,1400,279006
Bhutan,1995,60,509105
Bhutan,1996,60,512594
Bhutan,1997,60,521146
Bhutan,1998,60,533737
Bhutan,1999,60,548599
Bhutan,2000,60,564350
Bhutan,2001,60,580888
Bhutan,2002,160,598455
Bhutan,2003,160,616383
Bhutan,2004,350,633893
Bhutan,2005,350,650417
Bhutan,2006,350,665568
Bhutan,2007,600,679365
Bhutan,2008,600,692159
Bhutan,2009,600,704542
Botswana,1995,160000,1583453
Botswana,1996,180000,1620989
Botswana,1997,210000,1657349
Botswana,1998,230000,1692148
Botswana,1999,250000,1724924
Botswana,2000,260000,1755375
Botswana,2001,270000,1783349
Botswana,2002,270000,1808976
Botswana,2003,280000,1832602
Botswana,2004,280000,1854739
Botswana,2005,280000,1875805
Botswana,2006,280000,1895944
Botswana,2007,280000,1915187
Botswana,2008,290000,1933719
Botswana,2009,290000,1951715
Central African Republic,1995,170000,3275695
Central African Republic,1996,170000,3350299
Central African Republic,1997,170000,3424733
Central African Republic,1998,180000,3498140
Central African Republic,1999,180000,3569523
Central African Republic,2000,170000,3638316
Central African Republic,2001,170000,3704045
Central African Republic,2002,170000,3767248
Central African Republic,2003,160000,3829636
Central African Republic,2004,160000,3893595
Central African Republic,2005,150000,3960897
Central African Republic,2006,150000,4032102
Central African Republic,2007,140000,4106897
Central African Republic,2008,140000,4185106
Central African Republic,2009,130000,4266247
Canada,1995,40000,29294899
Canada,1996,41000,29586368
Canada,1997,42000,29866502
Canada,1998,43000,30140562
Canada,1999,45000,30415664
Canada,2000,47000,30697425
Canada,2001,48000,30986788
Canada,2002,51000,31283746
Canada,2003,53000,31591631
Canada,2004,55000,31914080
Canada,2005,57000,32253092
Canada,2006,59000,32610984
Canada,2007,62000,32985806
Canada,2008,64000,33369898
Canada,2009,67000,33752618
Switzerland,1995,12000,7017042
Switzerland,1996,12000,7059633
Switzerland,1997,12000,7090176
Switzerland,1998,13000,7113505
Switzerland,1999,13000,7136813
Switzerland,2000,13000,7165581
Switzerland,2001,14000,7200783
Switzerland,2002,14000,7241511
Switzerland,2003,15000,7289079
Switzerland,2004,16000,7344597
Switzerland,2005,16000,7408608
Switzerland,2006,17000,7482167
Switzerland,2007,18000,7564712
Switzerland,2008,19000,7653062
Switzerland,2009,19000,7742768
Chile,1995,19000,14440103
Chile,1996,24000,14662323
Chile,1997,28000,14872458
Chile,1998,33000,15072409
Chile,1999,37000,15265536
Chile,2000,40000,15454402
Chile,2001,42000,15639289
Chile,2002,44000,15819522
Chile,2003,46000,15995658
Chile,2004,47000,16168241
Chile,2005,48000,16337749
Chile,2006,49000,16504530
Chile,2007,49000,16668892
Chile,2008,50000,16831184
Chile,2009,50000,16991729
Cote d'Ivoire,1995,540000,14217430
Cote d'Ivoire,1996,570000,14632391
Cote d'Ivoire,1997,580000,15042149
Cote d'Ivoire,1998,590000,15436470
Cote d'Ivoire,1999,590000,15802248
Cote d'Ivoire,2000,580000,16131332
Cote d'Ivoire,2001,560000,16420173
Cote d'Ivoire,2002,540000,16674987
Cote d'Ivoire,2003,520000,16909801
Cote d'Ivoire,2004,490000,17144325
Cote d'Ivoire,2005,470000,17393994
Cote d'Ivoire,2006,440000,17662417
Cote d'Ivoire,2007,420000,17949061
Cote d'Ivoire,2008,400000,18260044
Cote d'Ivoire,2009,380000,18601342
Cameroon,1995,230000,13929575
Cameroon,1996,270000,14316949
Cameroon,1997,310000,14709426
Cameroon,1998,350000,15107909
Cameroon,1999,390000,15513653
Cameroon,2000,420000,15927713
Cameroon,2001,450000,16350440
Cameroon,2002,470000,16782044
Cameroon,2003,490000,17223277
Cameroon,2004,500000,17674960
Cameroon,2005,520000,18137734
Cameroon,2006,530000,18611937
Cameroon,2007,540000,19097676
Cameroon,2008,540000,19595026
Cameroon,2009,550000,20103945
"Congo, Rep.",1995,75000,42012524
"Congo, Rep.",1996,75000,43122601
"Congo, Rep.",1997,75000,44078397
"Congo, Rep.",1998,75000,44960941
"Congo, Rep.",1999,75000,45889100
"Congo, Rep.",2000,74000,46949244
"Congo, Rep.",2001,74000,48167045
"Congo, Rep.",2002,74000,49516960
"Congo, Rep.",2003,74000,50972323
"Congo, Rep.",2004,74000,52487293
"Congo, Rep.",2005,74000,54028003
"Congo, Rep.",2006,75000,55590838
"Congo, Rep.",2007,76000,57187942
"Congo, Rep.",2008,77000,58819038
"Congo, Rep.",2009,79000,60486276
Colombia,1995,100000,36573895
Colombia,1996,110000,37236124
Colombia,1997,110000,37901358
Colombia,1998,120000,38568056
Colombia,1999,130000,39234115
Colombia,2000,130000,39897984
Colombia,2001,130000,40558648
Colombia,2002,140000,41216304
Colombia,2003,140000,41872051
Colombia,2004,140000,42527623
Colombia,2005,140000,43184026
Colombia,2006,150000,43841370
Colombia,2007,150000,44498390
Colombia,2008,150000,45153037
Colombia,2009,150000,45802561
Comoros,1995,60,465895
Comoros,1996,60,477548
Comoros,1997,60,489627
Comoros,1998,60,502128
Comoros,1999,60,515028
Comoros,2000,60,528312
Comoros,2001,60,541976
Comoros,2002,60,556028
Comoros,2003,160,570491
Comoros,2004,160,585389
Comoros,2005,160,600733
Comoros,2006,160,616526
Comoros,2007,160,632736
Comoros,2008,350,649291
Comoros,2009,350,666097
Cape Verde,1995,2100,399477
Cape Verde,1996,2200,408790
Cape Verde,1997,2300,417562
Cape Verde,1998,2400,425932
Cape Verde,1999,2500,434168
Cape Verde,2000,2600,442426
Cape Verde,2001,2700,450812
Cape Verde,2002,2800,459140
Cape Verde,2003,2900,466939
Cape Verde,2004,3000,473577
Cape Verde,2005,3000,478651
Cape Verde,2006,3100,481940
Cape Verde,2007,3200,483713
Cape Verde,2008,3200,484651
Cape Verde,2009,3200,485714
Costa Rica,1995,2600,3478197
Costa Rica,1996,2900,3566605
Costa Rica,1997,3300,3658020
Costa Rica,1998,3700,3750585
Costa Rica,1999,4100,3841734
Costa Rica,2000,4500,3929588
Costa Rica,2001,5000,4013488
Costa Rica,2002,5500,4093840
Costa Rica,2003,6000,4171145
Costa Rica,2004,6500,4246336
Costa Rica,2005,6900,4320130
Costa Rica,2006,7300,4392493
Costa Rica,2007,7700,4463226
Costa Rica,2008,8100,4532711
Costa Rica,2009,8400,4601424
Cuba,1995,1800,10932013
Cuba,1996,2000,10980758
Cuba,1997,2200,11024249
Cuba,1998,2500,11063917
Cuba,1999,2800,11101580
Cuba,2000,3100,11138416
Cuba,2001,3600,11175465
Cuba,2002,4100,11212125
Cuba,2003,4700,11245926
Cuba,2004,5400,11273363
Cuba,2005,6200,11292078
Cuba,2006,7100,11301100
Cuba,2007,8100,11301674
Cuba,2008,9300,11296355
Cuba,2009,11000,11288826
Czech Republic,1995,600,10339223
Czech Republic,1996,600,10327823
Czech Republic,1997,600,10311228
Czech Republic,1998,1000,10291153
Czech Republic,1999,1100,10270096
Czech Republic,2000,1300,10250398
Czech Republic,2001,1400,10231435
Czech Republic,2002,1500,10214070
Czech Republic,2003,1600,10203846
Czech Republic,2004,1600,10207862
Czech Republic,2005,1700,10230683
Czech Republic,2006,1800,10274906
Czech Republic,2007,1800,10337782
Czech Republic,2008,1900,10411836
Czech Republic,2009,2000,10486434
Germany,1995,36000,83147770
Germany,1996,37000,83388930
Germany,1997,38000,83490697
Germany,1998,39000,83500716
Germany,1999,41000,83490881
Germany,2000,42000,83512459
Germany,2001,44000,83583461
Germany,2002,47000,83685160
Germany,2003,49000,83788480
Germany,2004,52000,83848844
Germany,2005,56000,83835978
Germany,2006,59000,83740302
Germany,2007,62000,83578794
Germany,2008,65000,83379538
Germany,2009,68000,83182774
Djibouti,1995,7700,663999
Djibouti,1996,8900,675891
Djibouti,1997,10000,687897
Djibouti,1998,11000,699922
Djibouti,1999,12000,711652
Djibouti,2000,12000,722887
Djibouti,2001,12000,733732
Djibouti,2002,12000,744434
Djibouti,2003,12000,755085
Djibouti,2004,11000,765776
Djibouti,2005,11000,776585
Djibouti,2006,11000,787544
Djibouti,2007,10000,798690
Djibouti,2008,10000,810100
Djibouti,2009,9700,821865
Dominican Republic,1995,41000,7977966
Dominican Republic,1996,44000,8118570
Dominican Republic,1997,47000,8256496
Dominican Republic,1998,49000,8392534
Dominican Republic,1999,50000,8527881
Dominican Republic,2000,51000,8663421
Dominican Republic,2001,52000,8799298
Dominican Republic,2002,52000,8935261
Dominican Republic,2003,51000,9071318
Dominican Republic,2004,50000,9207389
Dominican Republic,2005,49000,9343362
Dominican Republic,2006,48000,9479269
Dominican Republic,2007,47000,9615015
Dominican Republic,2008,46000,9750195
Dominican Republic,2009,45000,9884265
Ecuador,1995,20000,11315800
Ecuador,1996,22000,11557151
Ecuador,1997,24000,11799289
Ecuador,1998,26000,12042454
Ecuador,1999,28000,12286995
Ecuador,2000,30000,12533087
Ecuador,2001,32000,12780869
Ecuador,2002,33000,13030041
Ecuador,2003,34000,13279806
Ecuador,2004,34000,13529091
Ecuador,2005,35000,13777131
Ecuador,2006,35000,14023503
Ecuador,2007,35000,14268397
Ecuador,2008,34000,14512402
Ecuador,2009,34000,14756424
Egypt,1995,2300,61168397
Egypt,1996,3100,62123592
Egypt,1997,4300,63094069
Egypt,1998,5700,64084443
Egypt,1999,7300,65097777
Egypt,2000,8400,66136590
Egypt,2001,9100,67204189
Egypt,2002,9300,68302914
Egypt,2003,9100,69432477
Egypt,2004,8800,70591288
Egypt,2005,8400,71777678
Egypt,2006,8100,72990754
Egypt,2007,8000,74229577
Egypt,2008,8000,75491922
Egypt,2009,8300,76775023
Eritrea,1995,12000,3407812
Eritrea,1996,16000,3473399
Eritrea,1997,18000,3560353
Eritrea,1998,20000,3668350
Eritrea,1999,21000,3795384
Eritrea,2000,22000,3939348
Eritrea,2001,23000,4101609
Eritrea,2002,24000,4281576
Eritrea,2003,24000,4472533
Eritrea,2004,24000,4665522
Eritrea,2005,24000,4854066
Eritrea,2006,24000,5035036
Eritrea,2007,24000,5209846
Eritrea,2008,24000,5382163
Eritrea,2009,23000,5557889
Spain,1995,110000,39420568
Spain,1996,110000,39513721
Spain,1997,110000,39603778
Spain,1998,120000,39729942
Spain,1999,120000,39944692
Spain,2000,120000,40282828
Spain,2001,120000,40756675
Spain,2002,120000,41346738
Spain,2003,130000,42015864
Spain,2004,130000,42710301
Spain,2005,130000,43387477
Spain,2006,130000,44038456
Spain,2007,140000,44664067
Spain,2008,140000,45243381
Spain,2009,140000,45754265
Estonia,1995,600,1433076
Estonia,1996,600,1412522
Estonia,1997,1400,1397071
Estonia,1998,1900,1385531
Estonia,1999,2700,1375744
Estonia,2000,3600,1366117
Estonia,2001,4700,1356549
Estonia,2002,5700,1347674
Estonia,2003,6700,1339453
Estonia,2004,7500,1331928
Estonia,2005,8100,1325112
Estonia,2006,8600,1318893
Estonia,2007,9000,1313138
Estonia,2008,9300,1307827
Estonia,2009,9500,1302965
Ethiopia,1995,910000,57023519
Ethiopia,1996,1000000,58815116
Ethiopia,1997,1100000,60584273
Ethiopia,1998,1200000,62353942
Ethiopia,1999,1200000,64158887
Ethiopia,2000,1300000,66024199
Ethiopia,2001,1300000,67956866
Ethiopia,2002,1300000,69948344
Ethiopia,2003,1200000,71989666
Ethiopia,2004,1200000,74066147
Ethiopia,2005,1100000,76167240
Ethiopia,2006,1100000,78290649
Ethiopia,2007,990000,80440708
Ethiopia,2008,930000,82621190
Ethiopia,2009,870000,84838032
Finland,1995,1000,5108176
Finland,1996,1100,5126021
Finland,1997,1200,5140755
Finland,1998,1300,5153229
Finland,1999,1500,5164780
Finland,2000,1600,5176482
Finland,2001,1700,5188330
Finland,2002,1800,5200259
Finland,2003,2000,5213213
Finland,2004,2100,5228340
Finland,2005,2200,5246368
Finland,2006,2300,5267817
Finland,2007,2400,5292261
Finland,2008,2600,5318297
Finland,2009,2700,5343927
Fiji,1995,60,775587
Fiji,1996,60,784647
Fiji,1997,60,793098
Fiji,1998,60,800616
Fiji,1999,60,806857
Fiji,2000,60,811647
Fiji,2001,60,814700
Fiji,2002,60,816237
Fiji,2003,60,817224
Fiji,2004,60,818995
Fiji,2005,60,822484
Fiji,2006,160,828060
Fiji,2007,160,835392
Fiji,2008,160,843851
Fiji,2009,160,852479
France,1995,96000,58008958
France,1996,98000,58216225
France,1997,100000,58418324
France,1998,110000,58635564
France,1999,110000,58894671
France,2000,120000,59213096
France,2001,120000,59600714
France,2002,120000,60047743
France,2003,130000,60527640
France,2004,130000,61002537
France,2005,130000,61444972
France,2006,140000,61845239
France,2007,140000,62210877
France,2008,150000,62552614
France,2009,150000,62888318
Gabon,1995,16000,1080477
Gabon,1996,19000,1108698
Gabon,1997,22000,1137412
Gabon,1998,26000,1166525
Gabon,1999,29000,1195919
Gabon,2000,32000,1225527
Gabon,2001,35000,1255299
Gabon,2002,38000,1285318
Gabon,2003,39000,1315820
Gabon,2004,41000,1347125
Gabon,2005,42000,1379465
Gabon,2006,43000,1412907
Gabon,2007,44000,1447388
Gabon,2008,45000,1482843
Gabon,2009,45000,1519155
United Kingdom,1995,28000,57997197
United Kingdom,1996,29000,58168519
United Kingdom,1997,32000,58346633
United Kingdom,1998,35000,58534306
United Kingdom,1999,38000,58735006
United Kingdom,2000,42000,58951444
United Kingdom,2001,46000,59183774
United Kingdom,2002,54000,59431937
United Kingdom,2003,58000,59697954
United Kingdom,2004,64000,59984118
United Kingdom,2005,70000,60291414
United Kingdom,2006,76000,60620907
United Kingdom,2007,81000,60970360
United Kingdom,2008,86000,61333257
United Kingdom,2009,89000,61700797
Georgia,1995,350,5067143
Georgia,1996,600,4990097
Georgia,1997,600,4922489
Georgia,1998,600,4861848
Georgia,1999,600,4803312
Georgia,2000,600,4743591
Georgia,2001,1100,4682290
Georgia,2002,1300,4621837
Georgia,2003,1500,4564938
Georgia,2004,1800,4515280
Georgia,2005,2000,4475306
Georgia,2006,2400,4446032
Georgia,2007,2800,4426077
Georgia,2008,3200,4412502
Georgia,2009,3700,4401093
Ghana,1995,170000,16760926
Ghana,1996,190000,17169151
Ghana,1997,200000,17568461
Ghana,1998,220000,17968830
Ghana,1999,230000,18384302
Ghana,2000,240000,18825034
Ghana,2001,250000,19293392
Ghana,2002,250000,19786307
Ghana,2003,260000,20301686
Ghana,2004,260000,20835514
Ghana,2005,250000,21384034
Ghana,2006,250000,21947779
Ghana,2007,250000,22525659
Ghana,2008,240000,23110139
Ghana,2009,240000,23691533
Guinea,1995,48000,7837173
Guinea,1996,53000,8094751
Guinea,1997,58000,8296478
Guinea,1998,62000,8457221
Guinea,1999,66000,8600911
Guinea,2000,69000,8746128
Guinea,2001,72000,8895353
Guinea,2002,75000,9045748
Guinea,2003,77000,9204581
Guinea,2004,78000,9379621
Guinea,2005,80000,9576331
Guinea,2006,81000,9798963
Guinea,2007,82000,10046967
Guinea,2008,83000,10314678
Guinea,2009,83000,10593248
Gambia,1995,1900,1065746
Gambia,1996,2300,1095930
Gambia,1997,2800,1126986
Gambia,1998,3300,1159271
Gambia,1999,4000,1193143
Gambia,2000,4800,1228863
Gambia,2001,5700,1266691
Gambia,2002,6700,1306667
Gambia,2003,7700,1348548
Gambia,2004,8800,1391934
Gambia,2005,9800,1436549
Gambia,2006,11000,1482324
Gambia,2007,11000,1529406
Gambia,2008,12000,1577984
Gambia,2009,13000,1628332
Guinea-Bissau,1995,3900,1139667
Guinea-Bissau,1996,4700,1165465
Guinea-Bissau,1997,5500,1191672
Guinea-Bissau,1998,6500,1218336
Guinea-Bissau,1999,7500,1245530
Guinea-Bissau,2000,8600,1273312
Guinea-Bissau,2001,9800,1301748
Guinea-Bissau,2002,11000,1330849
Guinea-Bissau,2003,12000,1360559
Guinea-Bissau,2004,14000,1390791
Guinea-Bissau,2005,15000,1421515
Guinea-Bissau,2006,16000,1452659
Guinea-Bissau,2007,17000,1484337
Guinea-Bissau,2008,19000,1516920
Guinea-Bissau,2009,20000,1550905
Equatorial Guinea,1995,3900,441829
Equatorial Guinea,1996,4400,456389
Equatorial Guinea,1997,4900,471288
Equatorial Guinea,1998,5500,486542
Equatorial Guinea,1999,6200,502169
Equatorial Guinea,2000,7000,518179
Equatorial Guinea,2001,7900,534592
Equatorial Guinea,2002,8800,551399
Equatorial Guinea,2003,9800,568552
Equatorial Guinea,2004,11000,585983
Equatorial Guinea,2005,12000,603648
Equatorial Guinea,2006,13000,621517
Equatorial Guinea,2007,14000,639618
Equatorial Guinea,2008,16000,658025
Equatorial Guinea,2009,17000,676851
Greece,1995,6400,10671809
Greece,1996,6600,10758368
Greece,1997,6900,10833632
Greece,1998,7300,10896763
Greece,1999,7700,10947724
Greece,2000,8100,10986883
Greece,2001,8500,11012931
Greece,2002,8800,11026358
Greece,2003,9100,11031728
Greece,2004,9300,11035302
Greece,2005,9500,11041642
Greece,2006,9700,11052514
Greece,2007,9900,11066884
Greece,2008,10000,11083063
Greece,2009,10000,11098149
Guatemala,1995,15000,9983861
Guatemala,1996,17000,10214623
Guatemala,1997,20000,10449636
Guatemala,1998,22000,10691090
Guatemala,1999,24000,10941913
Guatemala,2000,26000,11204183
Guatemala,2001,28000,11478984
Guatemala,2002,29000,11765738
Guatemala,2003,31000,12062835
Guatemala,2004,34000,12367800
Guatemala,2005,36000,12678919
Guatemala,2006,39000,12995374
Guatemala,2007,43000,13317931
Guatemala,2008,47000,13648307
Guatemala,2009,52000,13988988
Guyana,1995,6300,728136
Guyana,1996,7100,730865
Guyana,1997,7800,734059
Guyana,1998,8400,737526
Guyana,1999,8700,741046
Guyana,2000,8900,744471
Guyana,2001,8900,747657
Guyana,2002,8700,750629
Guyana,2003,8500,753612
Guyana,2004,8100,756939
Guyana,2005,7800,760834
Guyana,2006,7400,765367
Guyana,2007,7200,770407
Guyana,2008,6900,775739
Guyana,2009,6600,781055
Honduras,1995,81000,5591935
Honduras,1996,81000,5723639
Honduras,1997,80000,5852719
Honduras,1998,77000,5980152
Honduras,1999,73000,6107385
Honduras,2000,69000,6235561
Honduras,2001,64000,6365040
Honduras,2002,59000,6495801
Honduras,2003,55000,6628171
Honduras,2004,50000,6762426
Honduras,2005,47000,6898825
Honduras,2006,44000,7037428
Honduras,2007,41000,7178436
Honduras,2008,38000,7322368
Honduras,2009,36000,7469844
Croatia,1995,350,4690192
Croatia,1996,350,4647843
Croatia,1997,350,4601596
Croatia,1998,600,4554877
Croatia,1999,600,4511766
Croatia,2000,600,4475201
Croatia,2001,600,4446789
Croatia,2002,600,4426098
Croatia,2003,600,4411370
Croatia,2004,600,4399706
Croatia,2005,600,4388857
Croatia,2006,600,4378601
Croatia,2007,600,4369337
Croatia,2008,1000,4360126
Croatia,2009,1100,4349930
Haiti,1995,130000,7838241
Haiti,1996,130000,7986858
Haiti,1997,130000,8136372
Haiti,1998,130000,8285690
Haiti,1999,130000,8433339
Haiti,2000,130000,8578234
Haiti,2001,130000,8720247
Haiti,2002,130000,8859635
Haiti,2003,130000,8996229
Haiti,2004,120000,9129933
Haiti,2005,120000,9260879
Haiti,2006,120000,9388642
Haiti,2007,120000,9513714
Haiti,2008,120000,9638255
Haiti,2009,120000,9765153
Hungary,1995,4100,10351994
Hungary,1996,3900,10334876
Hungary,1997,3700,10311227
Hungary,1998,3600,10282937
Hungary,1999,3500,10253110
Hungary,2000,3400,10224113
Hungary,2001,3400,10196130
Hungary,2002,3400,10168591
Hungary,2003,3400,10142243
Hungary,2004,3400,10117872
Hungary,2005,3500,10095964
Hungary,2006,3500,10077017
Hungary,2007,3600,10060786
Hungary,2008,3700,10046058
Hungary,2009,3800,10031096
Indonesia,1995,350,194112556
Indonesia,1996,600,197097887
Indonesia,1997,1000,200050444
Indonesia,1998,1900,202990922
Indonesia,1999,3500,205946831
Indonesia,2000,6100,208938698
Indonesia,2001,12000,211970371
Indonesia,2002,26000,215038285
Indonesia,2003,57000,218145617
Indonesia,2004,100000,221293797
Indonesia,2005,140000,224480901
Indonesia,2006,180000,227709821
Indonesia,2007,220000,230972808
Indonesia,2008,260000,234243489
Indonesia,2009,300000,237486894
India,1995,1300000,955804355
India,1996,1600000,973147577
India,1997,1800000,990460131
India,1998,2000000,1007746556
India,1999,2300000,1025014711
India,2000,2400000,1042261758
India,2001,2500000,1059500888
India,2002,2600000,1076705723
India,2003,2600000,1093786762
India,2004,2600000,1110626108
India,2005,2580000,1127143548
India,2006,2540000,1143289350
India,2007,2490000,1159095250
India,2008,2440000,1174662334
India,2009,2400000,1190138069
Ireland,1995,2200,3610918
Ireland,1996,2700,3638411
Ireland,1997,3100,3669799
Ireland,1998,3600,3706616
Ireland,1999,4000,3750879
Ireland,2000,4400,3803741
Ireland,2001,4800,3865839
Ireland,2002,5100,3935875
Ireland,2003,5500,4010652
Ireland,2004,5800,4085790
Ireland,2005,6100,4158002
Ireland,2006,6400,4226104
Ireland,2007,6700,4290537
Ireland,2008,7000,4351657
Ireland,2009,7300,4410422
Iran,1995,15000,60468352
Iran,1996,22000,61440887
Iran,1997,29000,62542531
Iran,1998,37000,63713397
Iran,1999,44000,64858754
Iran,2000,51000,65911052
Iran,2001,56000,66857624
Iran,2002,61000,67727274
Iran,2003,66000,68543171
Iran,2004,71000,69342126
Iran,2005,75000,70152384
Iran,2006,78000,70976584
Iran,2007,82000,71809219
Iran,2008,85000,72660887
Iran,2009,89000,73542954
Iceland,1995,160,267454
Iceland,1996,160,270089
Iceland,1997,350,272798
Iceland,1998,350,275568
Iceland,1999,350,278376
Iceland,2000,350,281214
Iceland,2001,350,284056
Iceland,2002,350,286929
Iceland,2003,350,289925
Iceland,2004,350,293170
Iceland,2005,350,296745
Iceland,2006,350,300693
Iceland,2007,350,304957
Iceland,2008,350,309394
Iceland,2009,350,313804
Israel,1995,3300,5331622
Israel,1996,3700,5486219
Israel,1997,4100,5630066
Israel,1998,4500,5764197
Israel,1999,4900,5891263
Israel,2000,5200,6013711
Israel,2001,5500,6129590
Israel,2002,5800,6238958
Israel,2003,6100,6348782
Israel,2004,6400,6468354
Israel,2005,6700,6603677
Israel,2006,7000,6758761
Israel,2007,7400,6930068
Israel,2008,7700,7106828
Israel,2009,8000,7273804
Italy,1995,120000,56967071
Italy,1996,120000,56937309
Italy,1997,120000,56887127
Italy,1998,120000,56850303
Italy,1999,130000,56872736
Italy,2000,130000,56986085
Italy,2001,130000,57200233
Italy,2002,130000,57501450
Italy,2003,130000,57868021
Italy,2004,130000,58267068
Italy,2005,140000,58671855
Italy,2006,140000,59078271
Italy,2007,140000,59485505
Italy,2008,140000,59873820
Italy,2009,150000,60220314
Jamaica,1995,32000,2462051
Jamaica,1996,34000,2485230
Jamaica,1997,36000,2509439
Jamaica,1998,37000,2534127
Jamaica,1999,37000,2558579
Jamaica,2000,37000,2582219
Jamaica,2001,36000,2604946
Jamaica,2002,35000,2626716
Jamaica,2003,35000,2647116
Jamaica,2004,34000,2665680
Jamaica,2005,33000,2682149
Jamaica,2006,32000,2696227
Jamaica,2007,31000,2708152
Jamaica,2008,31000,2718862
Jamaica,2009,30000,2729660
Japan,1995,5700,124483305
Japan,1996,5800,124794906
Japan,1997,5900,125048712
Japan,1998,5900,125266855
Japan,1999,6000,125481436
Japan,2000,6100,125714674
Japan,2001,6200,125973930
Japan,2002,6300,126249090
Japan,2003,6400,126523597
Japan,2004,6600,126772899
Japan,2005,6800,126978754
Japan,2006,7000,127136020
Japan,2007,7100,127248855
Japan,2008,7400,127319434
Japan,2009,7500,127352872
Kazakhstan,1995,1600,15549632
Kazakhstan,1996,3300,15326132
Kazakhstan,1997,4800,15085965
Kazakhstan,1998,6000,14858241
Kazakhstan,1999,7100,14679568
Kazakhstan,2000,8200,14575644
Kazakhstan,2001,9200,14559255
Kazakhstan,2002,9900,14623188
Kazakhstan,2003,11000,14747754
Kazakhstan,2004,11000,14902452
Kazakhstan,2005,12000,15064088
Kazakhstan,2006,13000,15227211
Kazakhstan,2007,14000,15396045
Kazakhstan,2008,15000,15568294
Kazakhstan,2009,16000,15743552
Kenya,1995,1300000,27418077
Kenya,1996,1500000,28186224
Kenya,1997,1600000,28943647
Kenya,1998,1600000,29702246
Kenya,1999,1600000,30478597
Kenya,2000,1600000,31285050
Kenya,2001,1600000,32126351
Kenya,2002,1600000,33000524
Kenya,2003,1600000,33905011
Kenya,2004,1500000,34834606
Kenya,2005,1500000,35785718
Kenya,2006,1500000,36757498
Kenya,2007,1500000,37752304
Kenya,2008,1500000,38773277
Kenya,2009,1600000,39824734
Kyrgyz Republic,1995,160,4592135
Kyrgyz Republic,1996,160,4658815
Kyrgyz Republic,1997,160,4739263
Kyrgyz Republic,1998,350,4823870
Kyrgyz Republic,1999,350,4898865
Kyrgyz Republic,2000,350,4954850
Kyrgyz Republic,2001,600,4988162
Kyrgyz Republic,2002,600,5003394
Kyrgyz Republic,2003,1200,5009453
Kyrgyz Republic,2004,1700,5019310
Kyrgyz Republic,2005,2400,5042381
Kyrgyz Republic,2006,3200,5081620
Kyrgyz Republic,2007,4300,5134297
Kyrgyz Republic,2008,5700,5197274
Kyrgyz Republic,2009,7500,5265218
Cambodia,1995,74000,10769198
Cambodia,1996,80000,11090611
Cambodia,1997,83000,11395958
Cambodia,1998,86000,11685332
Cambodia,1999,87000,11960467
Cambodia,2000,87000,12222871
Cambodia,2001,85000,12472586
Cambodia,2002,82000,12709336
Cambodia,2003,79000,12934369
Cambodia,2004,75000,13149386
Cambodia,2005,71000,13356424
Cambodia,2006,69000,13555054
Cambodia,2007,67000,13747288
Cambodia,2008,66000,13940518
Cambodia,2009,65000,14144225
South Korea,1995,3200,44652994
South Korea,1996,3300,44940974
South Korea,1997,3400,45220543
South Korea,1998,3600,45489131
South Korea,1999,3900,45742103
South Korea,2000,5600,45977210
South Korea,2001,7200,46192932
South Korea,2002,8600,46393993
South Korea,2003,9900,46591762
South Korea,2004,11000,46801310
South Korea,2005,12000,47033082
South Korea,2006,13000,47291491
South Korea,2007,13000,47572585
South Korea,2008,14000,47867970
South Korea,2009,15000,48164969
Lao,1995,600,4871472
Lao,1996,600,4986592
Lao,1997,1300,5096724
Lao,1998,1700,5200898
Lao,1999,2200,5298146
Lao,2000,2700,5388281
Lao,2001,3200,5470169
Lao,2002,3800,5545245
Lao,2003,4300,5619069
Lao,2004,5000,5699112
Lao,2005,5700,5790646
Lao,2006,6400,5895930
Lao,2007,7200,6013278
Lao,2008,8000,6139127
Lao,2009,8800,6267968
Lebanon,1995,600,3033406
Lebanon,1996,600,3070984
Lebanon,1997,600,3092718
Lebanon,1998,1000,3114014
Lebanon,1999,1200,3156706
Lebanon,2000,1300,3235380
Lebanon,2001,1500,3357600
Lebanon,2002,1600,3515604
Lebanon,2003,1800,3690110
Lebanon,2004,2000,3853582
Lebanon,2005,2100,3986865
Lebanon,2006,2300,4079823
Lebanon,2007,2400,4139813
Lebanon,2008,2500,4186088
Lebanon,2009,2600,4246924
Liberia,1995,19000,2079921
Liberia,1996,23000,2197801
Liberia,1997,27000,2365290
Liberia,1998,31000,2558085
Liberia,1999,35000,2741755
Liberia,2000,37000,2891968
Liberia,2001,39000,2998770
Liberia,2002,39000,3070673
Liberia,2003,39000,3124222
Liberia,2004,38000,3184643
Liberia,2005,37000,3269786
Liberia,2006,35000,3384791
Liberia,2007,33000,3522294
Liberia,2008,31000,3672714
Liberia,2009,29000,3821440
Sri Lanka,1995,600,18241711
Sri Lanka,1996,1100,18367795
Sri Lanka,1997,1200,18473862
Sri Lanka,1998,1400,18575763
Sri Lanka,1999,1500,18695041
Sri Lanka,2000,1700,18846401
Sri Lanka,2001,1900,19037119
Sri Lanka,2002,2100,19260853
Sri Lanka,2003,2400,19501969
Sri Lanka,2004,2600,19737578
Sri Lanka,2005,2800,19951291
Sri Lanka,2006,3000,20137560
Sri Lanka,2007,3300,20301912
Sri Lanka,2008,3500,20452387
Sri Lanka,2009,3700,20601663
Lesotho,1995,110000,1753824
Lesotho,1996,150000,1779197
Lesotho,1997,190000,1801679
Lesotho,1998,210000,1821609
Lesotho,1999,230000,1839611
Lesotho,2000,250000,1856225
Lesotho,2001,250000,1871500
Lesotho,2002,260000,1885487
Lesotho,2003,270000,1898757
Lesotho,2004,270000,1912022
Lesotho,2005,270000,1925844
Lesotho,2006,280000,1940413
Lesotho,2007,290000,1955784
Lesotho,2008,290000,1972199
Lesotho,2009,300000,1989873
Lithuania,1995,350,3628079
Lithuania,1996,350,3606012
Lithuania,1997,350,3583272
Lithuania,1998,600,3558827
Lithuania,1999,600,3530932
Lithuania,2000,600,3498446
Lithuania,2001,600,3461616
Lithuania,2002,600,3421430
Lithuania,2003,1000,3378410
Lithuania,2004,1100,3333259
Lithuania,2005,1200,3286782
Lithuania,2006,1300,3238819
Lithuania,2007,1300,3190088
Lithuania,2008,1400,3143310
Lithuania,2009,1400,3101973
Luxembourg,1995,350,408152
Luxembourg,1996,350,414004
Luxembourg,1997,350,419979
Luxembourg,1998,350,425834
Luxembourg,1999,600,431268
Luxembourg,2000,600,436111
Luxembourg,2001,600,440137
Luxembourg,2002,600,443524
Luxembourg,2003,600,446996
Luxembourg,2004,600,451548
Luxembourg,2005,600,457847
Luxembourg,2006,600,466209
Luxembourg,2007,600,476294
Luxembourg,2008,600,487310
Luxembourg,2009,600,498116
Latvia,1995,1300,2487988
Latvia,1996,1700,2458305
Latvia,1997,2200,2434628
Latvia,1998,2700,2414650
Latvia,1999,3300,2394521
Latvia,2000,4100,2371481
Latvia,2001,4900,2345309
Latvia,2002,5700,2317261
Latvia,2003,6500,2287780
Latvia,2004,7200,2257647
Latvia,2005,7800,2227559
Latvia,2006,8300,2197359
Latvia,2007,8600,2167157
Latvia,2008,8900,2138258
Latvia,2009,9000,2112337
Morocco,1995,4100,26833093
Morocco,1996,5000,27237150
Morocco,1997,6100,27632321
Morocco,1998,7300,28013585
Morocco,1999,8600,28374203
Morocco,2000,10000,28710123
Morocco,2001,12000,29021156
Morocco,2002,13000,29311443
Morocco,2003,15000,29586937
Morocco,2004,17000,29855820
Morocco,2005,19000,30125445
Morocco,2006,21000,30395097
Morocco,2007,23000,30667086
Morocco,2008,25000,30955151
Morocco,2009,27000,31276564
Moldova,1995,1900,4339081
Moldova,1996,3400,4308050
Moldova,1997,6900,4268774
Moldova,1998,9500,4221726
Moldova,1999,11000,4167552
Moldova,2000,11000,4107184
Moldova,2001,11000,4040579
Moldova,2002,11000,3969040
Moldova,2003,11000,3896494
Moldova,2004,12000,3827963
Moldova,2005,12000,3767077
Moldova,2006,12000,3715541
Moldova,2007,12000,3672638
Moldova,2008,13000,3636510
Moldova,2009,13000,3604078
Madagascar,1995,14000,13452526
Madagascar,1996,15000,13882646
Madagascar,1997,17000,14329239
Madagascar,1998,18000,14790245
Madagascar,1999,20000,15262817
Madagascar,2000,21000,15744811
Madagascar,2001,22000,16235767
Madagascar,2002,23000,16736029
Madagascar,2003,25000,17245275
Madagascar,2004,26000,17763367
Madagascar,2005,27000,18290394
Madagascar,2006,28000,18826126
Madagascar,2007,29000,19371023
Madagascar,2008,30000,19926785
Madagascar,2009,31000,20495695
Maldives,1995,60,244965
Maldives,1996,60,250659
Maldives,1997,60,256347
Maldives,1998,60,261973
Maldives,1999,60,267456
Maldives,2000,60,272745
Maldives,2001,60,277825
Maldives,2002,60,282743
Maldives,2003,60,287594
Maldives,2004,60,292505
Maldives,2005,60,297576
Maldives,2006,60,302825
Maldives,2007,60,308239
Maldives,2008,60,313843
Maldives,2009,60,319660
Mexico,1995,120000,95392647
Mexico,1996,120000,97201533
Mexico,1997,130000,98968558
Mexico,1998,130000,100678867
Mexico,1999,140000,102316781
Mexico,2000,140000,103873607
Mexico,2001,140000,105339877
Mexico,2002,150000,106723661
Mexico,2003,150000,108056312
Mexico,2004,150000,109381550
Mexico,2005,160000,110731826
Mexico,2006,160000,112116694
Mexico,2007,160000,113529819
Mexico,2008,170000,114968039
Mexico,2009,170000,116422752
Mali,1995,85000,8988853
Mali,1996,91000,9222157
Mali,1997,96000,9462256
Mali,1998,100000,9712365
Mali,1999,100000,9977308
Mali,2000,110000,10260577
Mali,2001,110000,10562768
Mali,2002,110000,10882662
Mali,2003,110000,11219737
Mali,2004,110000,11572936
Mali,2005,110000,11941258
Mali,2006,110000,12325545
Mali,2007,100000,12725629
Mali,2008,100000,13138299
Mali,2009,110000,13559296
Malta,1995,160,395615
Malta,1996,160,398698
Malta,1997,160,401373
Malta,1998,160,403688
Malta,1999,160,405716
Malta,2000,350,407529
Malta,2001,350,409116
Malta,2002,350,410493
Malta,2003,350,411790
Malta,2004,350,413170
Malta,2005,350,414747
Malta,2006,350,416584
Malta,2007,350,418640
Malta,2008,350,420796
Malta,2009,350,422872
Myanmar,1995,100000,45329862
Myanmar,1996,120000,45991828
Myanmar,1997,140000,46664455
Myanmar,1998,160000,47321204
Myanmar,1999,190000,47925630
Myanmar,2000,210000,48453000
Myanmar,2001,230000,48894203
Myanmar,2002,240000,49261313
Myanmar,2003,250000,49577152
Myanmar,2004,250000,49875169
Myanmar,2005,260000,50181020
Myanmar,2006,250000,50500070
Myanmar,2007,250000,50828959
Myanmar,2008,240000,51174018
Myanmar,2009,240000,51540490
Mongolia,1995,60,2298063
Mongolia,1996,60,2316598
Mongolia,1997,60,2335723
Mongolia,1998,60,2355618
Mongolia,1999,60,2376197
Mongolia,2000,60,2397473
Mongolia,2001,60,2419669
Mongolia,2002,60,2443231
Mongolia,2003,60,2468595
Mongolia,2004,60,2496248
Mongolia,2005,160,2526502
Mongolia,2006,160,2559496
Mongolia,2007,350,2595068
Mongolia,2008,350,2632834
Mongolia,2009,350,2672223
Mozambique,1995,340000,15981571
Mozambique,1996,430000,16463426
Mozambique,1997,510000,16914628
Mozambique,1998,590000,17350739
Mozambique,1999,670000,17798102
Mozambique,2000,760000,18275618
Mozambique,2001,850000,18785719
Mozambique,2002,930000,19319894
Mozambique,2003,1000000,19873460
Mozambique,2004,1100000,20438827
Mozambique,2005,1100000,21010376
Mozambique,2006,1200000,21587317
Mozambique,2007,1200000,22171404
Mozambique,2008,1300000,22762525
Mozambique,2009,1300000,23361025
Mauritania,1995,6300,2334388
Mauritania,1996,6900,2403805
Mauritania,1997,7500,2475726
Mauritania,1998,8100,2550307
Mauritania,1999,8700,2627739
Mauritania,2000,9400,2708095
Mauritania,2001,10000,2791403
Mauritania,2002,11000,2877431
Mauritania,2003,12000,2965667
Mauritania,2004,12000,3055425
Mauritania,2005,13000,3146164
Mauritania,2006,15000,3237713
Mauritania,2007,16000,3330037
Mauritania,2008,18000,3422901
Mauritania,2009,20000,3516077
Mauritius,1995,1800,1128676
Mauritius,1996,2400,1142191
Mauritius,1997,3100,1154701
Mauritius,1998,3900,1166070
Mauritius,1999,4800,1176227
Mauritius,2000,5700,1185143
Mauritius,2001,6600,1192719
Mauritius,2002,7300,1198972
Mauritius,2003,7800,1204161
Mauritius,2004,8200,1208653
Mauritius,2005,8400,1212752
Mauritius,2006,8400,1216518
Mauritius,2007,8300,1219976
Mauritius,2008,8100,1223336
Mauritius,2009,7900,1226841
Malawi,1995,610000,9964065
Malawi,1996,660000,10153315
Malawi,1997,700000,10404259
Malawi,1998,750000,10700180
Malawi,1999,790000,11012707
Malawi,2000,830000,11321496
Malawi,2001,860000,11623166
Malawi,2002,890000,11926778
Malawi,2003,910000,12238739
Malawi,2004,920000,12569091
Malawi,2005,930000,12924746
Malawi,2006,930000,13307535
Malawi,2007,930000,13713758
Malawi,2008,920000,14138207
Malawi,2009,920000,14573338
Malaysia,1995,36000,20725374
Malaysia,1996,42000,21259831
Malaysia,1997,46000,21805835
Malaysia,1998,50000,22355057
Malaysia,1999,52000,22896048
Malaysia,2000,55000,23420751
Malaysia,2001,58000,23925742
Malaysia,2002,61000,24413795
Malaysia,2003,63000,24890654
Malaysia,2004,67000,25365089
Malaysia,2005,70000,25843466
Malaysia,2006,73000,26327098
Malaysia,2007,76000,26813819
Malaysia,2008,78000,27302348
Malaysia,2009,80000,27790324
Namibia,1995,59000,1654214
Namibia,1996,77000,1705309
Namibia,1997,97000,1757969
Namibia,1998,120000,1809719
Namibia,1999,130000,1857149
Namibia,2000,150000,1897953
Namibia,2001,160000,1931282
Namibia,2002,170000,1958303
Namibia,2003,180000,1981237
Namibia,2004,180000,2003320
Namibia,2005,180000,2027026
Namibia,2006,180000,2052931
Namibia,2007,180000,2080700
Namibia,2008,180000,2110791
Namibia,2009,190000,2143498
Niger,1995,27000,9167078
Niger,1996,30000,9499605
Niger,1997,33000,9849621
Niger,1998,36000,10215806
Niger,1999,39000,10596258
Niger,2000,42000,10989815
Niger,2001,45000,11396434
Niger,2002,47000,11817297
Niger,2003,49000,12254040
Niger,2004,51000,12708897
Niger,2005,53000,13183798
Niger,2006,55000,13679705
Niger,2007,57000,14197289
Niger,2008,59000,14737895
Niger,2009,61000,15302948
Nigeria,1995,1200000,108424827
Nigeria,1996,1500000,111166210
Nigeria,1997,1800000,113979481
Nigeria,1998,2000000,116867371
Nigeria,1999,2200000,119831888
Nigeria,2000,2400000,122876727
Nigeria,2001,2500000,126004992
Nigeria,2002,2600000,129224641
Nigeria,2003,2700000,132550146
Nigeria,2004,2800000,135999250
Nigeria,2005,2800000,139585891
Nigeria,2006,2900000,143314909
Nigeria,2007,3000000,147187353
Nigeria,2008,3100000,151208080
Nigeria,2009,3200000,155381020
Nicaragua,1995,1100,4659458
Nicaragua,1996,1200,4756631
Nicaragua,1997,1400,4849272
Nicaragua,1998,1500,4937320
Nicaragua,1999,1700,5021079
Nicaragua,2000,2000,5100920
Nicaragua,2001,2200,5176685
Nicaragua,2002,2500,5248577
Nicaragua,2003,2900,5317878
Nicaragua,2004,3200,5386299
Nicaragua,2005,3700,5455219
Nicaragua,2006,4100,5524927
Nicaragua,2007,4700,5595533
Nicaragua,2008,5300,5667983
Nicaragua,2009,6000,5743329
Netherlands,1995,14000,15420000
Netherlands,1996,15000,15514794
Netherlands,1997,16000,15603344
Netherlands,1998,17000,15688091
Netherlands,1999,17000,15772758
Netherlands,2000,18000,15859863
Netherlands,2001,19000,15950214
Netherlands,2002,19000,16042368
Netherlands,2003,20000,16133907
Netherlands,2004,21000,16221364
Netherlands,2005,21000,16302242
Netherlands,2006,22000,16375813
Netherlands,2007,23000,16442848
Netherlands,2008,23000,16504193
Netherlands,2009,24000,16561282
Norway,1995,2200,4359788
Norway,1996,2400,4385951
Norway,1997,2600,4412958
Norway,1998,2800,4440109
Norway,1999,2900,4466468
Norway,2000,3100,4491572
Norway,2001,3200,4514723
Norway,2002,3300,4536647
Norway,2003,3400,4560013
Norway,2004,3600,4588444
Norway,2005,3700,4624388
Norway,2006,3800,4668989
Norway,2007,4000,4721080
Norway,2008,4100,4777943
Norway,2009,4200,4835629
Nepal,1995,5900,20587157
Nepal,1996,8800,21115271
Nepal,1997,13000,21647305
Nepal,1998,18000,22175431
Nepal,1999,26000,22690158
Nepal,2000,34000,23184177
Nepal,2001,43000,23655119
Nepal,2002,51000,24102862
Nepal,2003,57000,24525527
Nepal,2004,61000,24921910
Nepal,2005,63000,25292058
Nepal,2006,63000,25634043
Nepal,2007,62000,25950022
Nepal,2008,59000,26249412
Nepal,2009,56000,26544943
New Zealand,1995,1100,3675060
New Zealand,1996,1200,3717342
New Zealand,1997,1200,3752131
New Zealand,1998,1300,3783470
New Zealand,1999,1400,3817367
New Zealand,2000,1500,3858032
New Zealand,2001,1600,3906817
New Zealand,2002,1700,3961937
New Zealand,2003,1800,4020706
New Zealand,2004,1900,4079075
New Zealand,2005,2000,4134117
New Zealand,2006,2100,4185020
New Zealand,2007,2200,4232734
New Zealand,2008,2300,4278186
New Zealand,2009,2400,4322941
Pakistan,1995,2400,126689577
Pakistan,1996,3100,130083700
Pakistan,1997,4100,133597492
Pakistan,1998,5400,137139290
Pakistan,1999,7000,140580398
Pakistan,2000,9200,143832014
Pakistan,2001,12000,146857081
Pakistan,2002,15000,149693684
Pakistan,2003,20000,152419974
Pakistan,2004,25000,155151394
Pakistan,2005,32000,157971415
Pakistan,2006,41000,160905794
Pakistan,2007,51000,163928329
Pakistan,2008,65000,167008083
Pakistan,2009,81000,170093999
Panama,1995,24000,2757004
Panama,1996,25000,2814525
Panama,1997,26000,2873288
Panama,1998,26000,2933100
Panama,1999,26000,2993685
Panama,2000,26000,3054812
Panama,2001,25000,3116409
Panama,2002,25000,3178450
Panama,2003,24000,3240805
Panama,2004,23000,3303335
Panama,2005,22000,3365929
Panama,2006,21000,3428509
Panama,2007,20000,3491034
Panama,2008,19000,3553480
Panama,2009,19000,3615846
Peru,1995,70000,23939261
Peru,1996,75000,24365985
Peru,1997,78000,24789855
Peru,1998,80000,25206817
Peru,1999,80000,25611482
Peru,2000,80000,26000080
Peru,2001,79000,26372358
Peru,2002,77000,26729909
Peru,2003,75000,27073334
Peru,2004,73000,27403845
Peru,2005,71000,27723281
Peru,2006,70000,28030688
Peru,2007,69000,28328410
Peru,2008,69000,28625628
Peru,2009,70000,28934303
Philippines,1995,600,69606539
Philippines,1996,600,71184718
Philippines,1997,1100,72780928
Philippines,1998,1400,74393147
Philippines,1999,1700,76018006
Philippines,2000,2000,77651848
Philippines,2001,2400,79297756
Philippines,2002,3000,80953652
Philippines,2003,3600,82604681
Philippines,2004,4300,84231329
Philippines,2005,5300,85821214
Philippines,2006,6400,87366573
Philippines,2007,7700,88875548
Philippines,2008,9400,90371287
Philippines,2009,11000,91886400
Papua New Guinea,1995,14000,4715929
Papua New Guinea,1996,16000,4841020
Papua New Guinea,1997,18000,4970823
Papua New Guinea,1998,20000,5104516
Papua New Guinea,1999,21000,5240941
Papua New Guinea,2000,23000,5379226
Papua New Guinea,2001,24000,5518971
Papua New Guinea,2002,25000,5660267
Papua New Guinea,2003,25000,5803302
Papua New Guinea,2004,26000,5948461
Papua New Guinea,2005,26000,6095959
Papua New Guinea,2006,26000,6245797
Papua New Guinea,2007,26000,6397623
Papua New Guinea,2008,27000,6550877
Papua New Guinea,2009,27000,6704829
Poland,1995,16000,38479899
Poland,1996,17000,38480234
Poland,1997,19000,38461279
Poland,1998,20000,38428791
Poland,1999,21000,38390217
Poland,2000,22000,38351437
Poland,2001,24000,38314744
Poland,2002,25000,38280547
Poland,2003,26000,38250426
Poland,2004,27000,38225455
Poland,2005,28000,38206337
Poland,2006,30000,38194163
Poland,2007,31000,38189136
Poland,2008,32000,38189735
Poland,2009,33000,38193591
Portugal,1995,20000,10097055
Portugal,1996,23000,10140627
Portugal,1997,26000,10182158
Portugal,1998,28000,10222540
Portugal,1999,30000,10263532
Portugal,2000,32000,10306192
Portugal,2001,34000,10350660
Portugal,2002,36000,10395630
Portugal,2003,37000,10439031
Portugal,2004,39000,10478122
Portugal,2005,40000,10510967
Portugal,2006,42000,10536701
Portugal,2007,43000,10555902
Portugal,2008,44000,10569881
Portugal,2009,45000,10580673
Paraguay,1995,2700,4801834
Paraguay,1996,3000,4911701
Paraguay,1997,3200,5021271
Paraguay,1998,3500,5130723
Paraguay,1999,3700,5240321
Paraguay,2000,4000,5350253
Paraguay,2001,4400,5460621
Paraguay,2002,4700,5571371
Paraguay,2003,5200,5682350
Paraguay,2004,5700,5793330
Paraguay,2005,6200,5904170
Paraguay,2006,6900,6014781
Paraguay,2007,7700,6125285
Paraguay,2008,8700,6236005
Paraguay,2009,9800,6347383
Romania,1995,9100,22963512
Romania,1996,11000,22841943
Romania,1997,12000,22717415
Romania,1998,13000,22596183
Romania,1999,14000,22484940
Romania,2000,15000,22388354
Romania,2001,16000,22310092
Romania,2002,16000,22249564
Romania,2003,16000,22201592
Romania,2004,17000,22158163
Romania,2005,17000,22113264
Romania,2006,17000,22065409
Romania,2007,17000,22015937
Romania,2008,16000,21964962
Romania,2009,16000,21913311
Rwanda,1995,200000,5663838
Rwanda,1996,200000,5929575
Rwanda,1997,210000,6470628
Rwanda,1998,220000,7169658
Rwanda,1999,220000,7853015
Rwanda,2000,230000,8395577
Rwanda,2001,220000,8760003
Rwanda,2002,220000,8987523
Rwanda,2003,210000,9126167
Rwanda,2004,210000,9254379
Rwanda,2005,200000,9429457
Rwanda,2006,200000,9660946
Rwanda,2007,200000,9928143
Rwanda,2008,200000,10222961
Rwanda,2009,200000,10529668
Sudan,1995,60000,29963988
Sudan,1996,66000,30824141
Sudan,1997,70000,31682982
Sudan,1998,72000,32551853
Sudan,1999,72000,33447666
Sudan,2000,70000,34382782
Sudan,2001,69000,35359265
Sudan,2002,67000,36373247
Sudan,2003,65000,37423884
Sudan,2004,63000,38508752
Sudan,2005,62000,39625222
Sudan,2006,62000,40774428
Sudan,2007,62000,41954986
Sudan,2008,63000,43158451
Sudan,2009,65000,44373749
Senegal,1995,11000,8711528
Senegal,1996,12000,8940298
Senegal,1997,14000,9164050
Senegal,1998,16000,9387783
Senegal,1999,19000,9618564
Senegal,2000,21000,9861679
Senegal,2001,24000,10119118
Senegal,2002,27000,10390050
Senegal,2003,30000,10673535
Senegal,2004,32000,10967568
Senegal,2005,35000,11270826
Senegal,2006,38000,11582925
Senegal,2007,41000,11904974
Senegal,2008,43000,12238791
Senegal,2009,46000,12586827
Singapore,1995,2000,3482640
Singapore,1996,2200,3570085
Singapore,1997,2400,3653156
Singapore,1998,2500,3735537
Singapore,1999,2600,3822625
Singapore,2000,2600,3918189
Singapore,2001,2700,4023284
Singapore,2002,2700,4136239
Singapore,2003,2700,4254766
Singapore,2004,2700,4375413
Singapore,2005,2800,4495537
Singapore,2006,2900,4614310
Singapore,2007,3000,4732065
Singapore,2008,3200,4848676
Singapore,2009,3300,4964312
Sierra Leone,1995,5000,3927105
Sierra Leone,1996,6800,3919708
Sierra Leone,1997,8900,3928313
Sierra Leone,1998,11000,3961869
Sierra Leone,1999,14000,4030443
Sierra Leone,2000,18000,4139757
Sierra Leone,2001,21000,4295667
Sierra Leone,2002,25000,4493047
Sierra Leone,2003,30000,4712763
Sierra Leone,2004,34000,4928175
Sierra Leone,2005,38000,5119895
Sierra Leone,2006,41000,5280909
Sierra Leone,2007,44000,5416015
Sierra Leone,2008,45000,5532139
Sierra Leone,2009,47000,5641182
El Salvador,1995,7500,5748013
El Salvador,1996,8300,5806750
El Salvador,1997,9000,5855226
El Salvador,1998,9700,5895018
El Salvador,1999,10000,5928809
El Salvador,2000,11000,5958794
El Salvador,2001,12000,5985299
El Salvador,2002,12000,6008308
El Salvador,2003,13000,6029366
El Salvador,2004,14000,6050297
El Salvador,2005,15000,6072538
El Salvador,2006,16000,6096692
El Salvador,2007,18000,6122952
El Salvador,2008,19000,6151776
El Salvador,2009,21000,6183484
Somalia,1995,28000,6346440
Somalia,1996,30000,6481035
Somalia,1997,31000,6673254
Somalia,1998,32000,6904978
Somalia,1999,33000,7149044
Somalia,2000,34000,7385416
Somalia,2001,34000,7609265
Somalia,2002,35000,7825924
Somalia,2003,35000,8037706
Somalia,2004,35000,8249965
Somalia,2005,35000,8466938
Somalia,2006,35000,8687671
Somalia,2007,35000,8910851
Somalia,2008,35000,9140259
Somalia,2009,35000,9380854
Serbia,1995,4300,10989446
Serbia,1996,4000,11028631
Serbia,1997,3700,11025594
Serbia,1998,3500,10990409
Serbia,1999,3300,10939047
Serbia,2000,3200,10883641
Serbia,2001,3100,10826817
Serbia,2002,3000,10766194
Serbia,2003,2900,10703165
Serbia,2004,2900,10638276
Serbia,2005,2900,9956359
Serbia,2006,3000,9889237
Serbia,2007,3100,9823743
Serbia,2008,3200,9760977
Serbia,2009,3400,9701912
Sao Tome and Principe,1995,350,130378
Sao Tome and Principe,1996,350,132323
Sao Tome and Principe,1997,350,134029
Sao Tome and Principe,1998,350,135650
Sao Tome and Principe,1999,600,137396
Sao Tome and Principe,2000,600,139428
Sao Tome and Principe,2001,600,141783
Sao Tome and Principe,2002,600,144447
Sao Tome and Principe,2003,600,147455
Sao Tome and Principe,2004,1000,150842
Sao Tome and Principe,2005,1000,154615
Sao Tome and Principe,2006,1000,158806
Sao Tome and Principe,2007,1000,163390
Sao Tome and Principe,2008,1000,168253
Sao Tome and Principe,2009,1000,173240
Suriname,1995,8200,435776
Suriname,1996,8600,441734
Suriname,1997,8800,447771
Suriname,1998,8800,453920
Suriname,1999,8700,460215
Suriname,2000,8400,466668
Suriname,2001,7900,473312
Suriname,2002,7400,480099
Suriname,2003,6800,486867
Suriname,2004,6300,493394
Suriname,2005,5800,499523
Suriname,2006,5300,505186
Suriname,2007,4800,510433
Suriname,2008,4400,515372
Suriname,2009,4000,520173
Slovak Republic,1995,60,5362950
Slovak Republic,1996,60,5372351
Slovak Republic,1997,60,5379101
Slovak Republic,1998,160,5383590
Slovak Republic,1999,160,5386384
Slovak Republic,2000,160,5388010
Slovak Republic,2001,160,5388448
Slovak Republic,2002,160,5387913
Slovak Republic,2003,160,5387441
Slovak Republic,2004,350,5388338
Slovak Republic,2005,350,5391489
Slovak Republic,2006,350,5397396
Slovak Republic,2007,350,5405718
Slovak Republic,2008,350,5415434
Slovak Republic,2009,350,5425044
Slovenia,1995,60,1991848
Slovenia,1996,160,1989709
Slovenia,1997,160,1988790
Slovenia,1998,160,1988806
Slovenia,1999,160,1989178
Slovenia,2000,350,1989545
Slovenia,2001,350,1989732
Slovenia,2002,350,1990090
Slovenia,2003,350,1991368
Slovenia,2004,350,1994578
Slovenia,2005,350,2000349
Slovenia,2006,350,2009036
Slovenia,2007,350,2020156
Slovenia,2008,350,2032470
Slovenia,2009,600,2044248
Sweden,1995,5600,8826720
Sweden,1996,5900,8849420
Sweden,1997,6100,8859106
Sweden,1998,6300,8861204
Sweden,1999,6500,8863595
Sweden,2000,6700,8872284
Sweden,2001,6900,8888444
Sweden,2002,7200,8911156
Sweden,2003,7400,8941754
Sweden,2004,7600,8981282
Sweden,2005,7800,9030163
Sweden,2006,8000,9089677
Sweden,2007,8200,9159155
Sweden,2008,8400,9234561
Sweden,2009,8600,9310295
Eswatini,1995,49000,963428
Eswatini,1996,61000,984506
Eswatini,1997,75000,1006760
Eswatini,1998,88000,1028694
Eswatini,1999,100000,1048151
Eswatini,2000,110000,1063715
Eswatini,2001,120000,1074761
Eswatini,2002,130000,1082183
Eswatini,2003,140000,1087929
Eswatini,2004,150000,1094758
Eswatini,2005,160000,1104642
Eswatini,2006,160000,1118253
Eswatini,2007,170000,1134977
Eswatini,2008,170000,1153929
Eswatini,2009,180000,1173678
Chad,1995,130000,6980351
Chad,1996,140000,7216321
Chad,1997,140000,7463347
Chad,1998,150000,7724316
Chad,1999,160000,8002899
Chad,2000,170000,8301151
Chad,2001,170000,8620917
Chad,2002,180000,8959964
Chad,2003,180000,9311234
Chad,2004,190000,9665024
Chad,2005,190000,10014413
Chad,2006,190000,10356822
Chad,2007,200000,10694366
Chad,2008,200000,11030628
Chad,2009,200000,11371325
Togo,1995,68000,4284497
Togo,1996,77000,4392177
Togo,1997,87000,4504291
Togo,1998,97000,4620710
Togo,1999,110000,4740974
Togo,2000,120000,4864753
Togo,2001,120000,4992225
Togo,2002,130000,5123674
Togo,2003,140000,5258956
Togo,2004,140000,5397851
Togo,2005,140000,5540214
Togo,2006,150000,5685845
Togo,2007,150000,5834806
Togo,2008,150000,5987491
Togo,2009,150000,6144457
Thailand,1995,700000,58983954
Thailand,1996,710000,59562136
Thailand,1997,710000,60206941
Thailand,1998,690000,60903042
Thailand,1999,680000,61623143
Thailand,2000,650000,62343379
Thailand,2001,630000,63069070
Thailand,2002,610000,63797841
Thailand,2003,590000,64488338
Thailand,2004,570000,65087400
Thailand,2005,560000,65559487
Thailand,2006,550000,65883961
Thailand,2007,540000,66076927
Thailand,2008,530000,66185340
Thailand,2009,520000,66277335
Tajikistan,1995,1600,5784330
Tajikistan,1996,2100,5862347
Tajikistan,1997,2700,5937177
Tajikistan,1998,3400,6012933
Tajikistan,1999,4100,6094661
Tajikistan,2000,4800,6186152
Tajikistan,2001,5400,6289340
Tajikistan,2002,6000,6404118
Tajikistan,2003,6500,6529609
Tajikistan,2004,7000,6663929
Tajikistan,2005,7400,6805655
Tajikistan,2006,7800,6954522
Tajikistan,2007,8200,7111025
Tajikistan,2008,8700,7275252
Tajikistan,2009,9200,7447396
Trinidad and Tobago,1995,6000,1255001
Trinidad and Tobago,1996,7100,1258365
Trinidad and Tobago,1997,8100,1260677
Trinidad and Tobago,1998,9100,1262544
Trinidad and Tobago,1999,9900,1264781
Trinidad and Tobago,2000,11000,1267980
Trinidad and Tobago,2001,11000,1272347
Trinidad and Tobago,2002,11000,1277723
Trinidad and Tobago,2003,12000,1283868
Trinidad and Tobago,2004,12000,1290379
Trinidad and Tobago,2005,12000,1296933
Trinidad and Tobago,2006,13000,1303478
Trinidad and Tobago,2007,13000,1310040
Trinidad and Tobago,2008,13000,1316449
Trinidad and Tobago,2009,13000,1322518
Tunisia,1995,350,8982649
Tunisia,1996,350,9116617
Tunisia,1997,350,9237249
Tunisia,1998,350,9347451
Tunisia,1999,350,9451481
Tunisia,2000,600,9552776
Tunisia,2001,600,9652120
Tunisia,2002,600,9749636
Tunisia,2003,600,9847323
Tunisia,2004,600,9947369
Tunisia,2005,600,10051352
Tunisia,2006,1000,10160243
Tunisia,2007,1100,10273932
Tunisia,2008,1300,10391460
Tunisia,2009,1400,10511204
Turkey,1995,600,58522320
Turkey,1996,600,59442502
Turkey,1997,600,60372413
Turkey,1998,1100,61308204
Turkey,1999,1300,62243779
Turkey,2000,1500,63174483
Turkey,2001,1800,64100297
Turkey,2002,2100,65022300
Turkey,2003,2400,65938265
Turkey,2004,2700,66845635
Turkey,2005,3100,67743052
Turkey,2006,3400,68626337
Turkey,2007,3800,69496513
Turkey,2008,4200,70363511
Turkey,2009,4600,71241080
Tanzania,1995,1300000,29944302
Tanzania,1996,1400000,30780453
Tanzania,1997,1400000,31586039
Tanzania,1998,1400000,32378333
Tanzania,1999,1500000,33183093
Tanzania,2000,1500000,34020512
Tanzania,2001,1400000,34895398
Tanzania,2002,1400000,35806497
Tanzania,2003,1400000,36760831
Tanzania,2004,1400000,37765139
Tanzania,2005,1400000,38824384
Tanzania,2006,1400000,39942347
Tanzania,2007,1400000,41119693
Tanzania,2008,1400000,42353790
Tanzania,2009,1500000,43639752
Uganda,1995,1200000,20740726
Uganda,1996,1100000,21407693
Uganda,1997,1100000,22084527
Uganda,1998,1100000,22780451
Uganda,1999,1000000,23507800
Uganda,2000,1000000,24275641
Uganda,2001,990000,25088033
Uganda,2002,980000,25943441
Uganda,2003,990000,26838428
Uganda,2004,1000000,27766986
Uganda,2005,1000000,28724869
Uganda,2006,1100000,29711397
Uganda,2007,1100000,30728747
Uganda,2008,1200000,31778799
Uganda,2009,1300000,32864328
Ukraine,1995,34000,51146967
Ukraine,1996,63000,50821019
Ukraine,1997,110000,50421998
Ukraine,1998,160000,49974187
Ukraine,1999,200000,49510626
Ukraine,2000,230000,49057226
Ukraine,2001,250000,48620596
Ukraine,2002,260000,48200504
Ukraine,2003,280000,47807199
Ukraine,2004,290000,47450472
Ukraine,2005,300000,47135932
Ukraine,2006,310000,46871328
Ukraine,2007,320000,46653183
Ukraine,2008,300000,46461350
Ukraine,2009,280000,46267306
Uruguay,1995,6300,3224383
Uruguay,1996,7400,3247585
Uruguay,1997,8500,3270549
Uruguay,1998,9400,3291677
Uruguay,1999,10000,3308884
Uruguay,2000,11000,3320841
Uruguay,2001,11000,3326762
Uruguay,2002,11000,3327500
Uruguay,2003,11000,3325411
Uruguay,2004,12000,3323822
Uruguay,2005,12000,3325155
Uruguay,2006,12000,3330217
Uruguay,2007,12000,3338384
Uruguay,2008,12000,3348898
Uruguay,2009,12000,3360431
United States,1995,830000,268039654
United States,1996,840000,271231546
United States,1997,870000,274606475
United States,1998,910000,278053607
United States,1999,950000,281419130
United States,2000,980000,284594395
United States,2001,1000000,287532638
United States,2002,1000000,290270187
United States,2003,1100000,292883010
United States,2004,1100000,295487267
United States,2005,1100000,298165797
United States,2006,1200000,300942917
United States,2007,1200000,303786752
United States,2008,1200000,306657153
United States,2009,1300000,309491893
Venezuela,1995,37000,22092144
Venezuela,1996,41000,22556838
Venezuela,1997,44000,23020184
Venezuela,1998,48000,23482700
Venezuela,1999,51000,23945002
Venezuela,2000,54000,24407553
Venezuela,2001,58000,24870441
Venezuela,2002,61000,25333622
Venezuela,2003,65000,25797219
Venezuela,2004,69000,26261326
Venezuela,2005,74000,26725897
Venezuela,2006,78000,27190882
Venezuela,2007,82000,27655937
Venezuela,2008,86000,28120312
Venezuela,2009,91000,28583040
Vietnam,1995,3500,76020043
Vietnam,1996,6900,77166873
Vietnam,1997,13000,78199254
Vietnam,1998,30000,79140734
Vietnam,1999,58000,80027521
Vietnam,2000,84000,80887879
Vietnam,2001,110000,81728768
Vietnam,2002,130000,82547682
Vietnam,2003,160000,83352595
Vietnam,2004,180000,84150651
Vietnam,2005,190000,84947852
Vietnam,2006,210000,85747625
Vietnam,2007,220000,86553201
Vietnam,2008,230000,87369203
Vietnam,2009,230000,88199997
Yemen,1995,2100,15018201
Yemen,1996,2800,15578640
Yemen,1997,3700,16088019
Yemen,1998,4900,16564235
Yemen,1999,6500,17035531
Yemen,2000,8500,17522537
Yemen,2001,10000,18029989
Yemen,2002,12000,18551068
Yemen,2003,14000,19081306
Yemen,2004,15000,19612696
Yemen,2005,16000,20139661
Yemen,2006,17000,20661714
Yemen,2007,18000,21182162
Yemen,2008,19000,21703571
Yemen,2009,20000,22229625
South Africa,1995,1200000,41426810
South Africa,1996,1700000,42204043
South Africa,1997,2300000,42906581
South Africa,1998,2900000,43558285
South Africa,1999,3500000,44195890
South Africa,2000,4000000,44846286
South Africa,2001,4400000,45513217
South Africa,2002,4700000,46187794
South Africa,2003,4900000,46869028
South Africa,2004,5000000,47553025
South Africa,2005,5200000,48235291
South Africa,2006,5200000,48919359
South Africa,2007,5300000,49602778
South Africa,2008,5400000,50267488
South Africa,2009,5400000,50889543
Zambia,1995,730000,8841338
Zambia,1996,750000,9073311
Zambia,1997,770000,9320089
Zambia,1998,790000,9577483
Zambia,1999,820000,9839179
Zambia,2000,840000,10100981
Zambia,2001,860000,10362137
Zambia,2002,880000,10625423
Zambia,2003,900000,10894519
Zambia,2004,910000,11174650
Zambia,2005,920000,11470022
Zambia,2006,920000,11781612
Zambia,2007,930000,12109620
Zambia,2008,940000,12456527
Zambia,2009,950000,12825031
Zimbabwe,1995,1600000,11639364
Zimbabwe,1996,1700000,11846110
Zimbabwe,1997,1800000,12045813
Zimbabwe,1998,1900000,12229500
Zimbabwe,1999,1900000,12384727
Zimbabwe,2000,1900000,12503652
Zimbabwe,2001,1800000,12586763
Zimbabwe,2002,1700000,12640922
Zimbabwe,2003,1700000,12673103
Zimbabwe,2004,1600000,12693047
Zimbabwe,2005,1500000,12710589
Zimbabwe,2006,1400000,12724308
Zimbabwe,2007,1300000,12740160
Zimbabwe,2008,1300000,12784041
Zimbabwe,2009,1200000,12888918
